rank,file,t_sec,score,U,A,D,n_boxes,n_ambiguous,empty,selected
1,frame_0127.jpg,50.8,0.8468,0.8487,0.875,0.8,9,7,False,True
2,frame_0000.jpg,0.0,0.8311,0.7372,0.875,1.0,9,7,False,True
3,frame_0075.jpg,30.0,0.7704,0.7068,0.75,0.96,7,6,False,True
4,frame_0031.jpg,12.4,0.762,0.824,0.5,1.0,9,4,False,True
5,frame_0074.jpg,29.6,0.7605,0.746,0.625,1.0,9,5,False,False
6,frame_0126.jpg,50.4,0.7584,0.8378,0.625,0.76,9,5,False,False
7,frame_0003.jpg,1.2,0.7507,0.7263,0.625,1.0,8,5,False,False
8,frame_0332.jpg,132.8,0.7471,0.8783,1.0,0.04,9,8,False,True
9,frame_0077.jpg,30.8,0.7431,0.7592,0.625,0.88,8,5,False,False
10,frame_0001.jpg,0.4,0.7409,0.5569,0.875,1.0,10,7,False,False
11,frame_0073.jpg,29.2,0.7336,0.7672,0.5,1.0,8,4,False,False
12,frame_0030.jpg,12.0,0.7334,0.6168,0.75,1.0,7,6,False,False
13,frame_0067.jpg,26.8,0.7268,0.6786,0.625,1.0,8,5,False,True
14,frame_0317.jpg,126.8,0.7252,0.8453,0.875,0.2,11,7,False,True
15,frame_0002.jpg,0.8,0.7244,0.8238,0.375,1.0,7,3,False,False
16,frame_0021.jpg,8.4,0.7187,0.6624,0.625,1.0,7,5,False,True
17,frame_0032.jpg,12.8,0.7169,0.8089,0.375,1.0,7,3,False,False
18,frame_0133.jpg,53.2,0.7136,0.5773,0.75,1.0,10,6,False,True
19,frame_0287.jpg,114.8,0.7124,0.8527,0.5,0.68,7,4,False,True
20,frame_0016.jpg,6.4,0.7096,0.6442,0.625,1.0,7,5,False,True
21,frame_0033.jpg,13.2,0.6966,0.6932,0.5,1.0,7,4,False,False
22,frame_0377.jpg,150.8,0.6865,0.8749,0.75,0.12,11,6,False,True
23,frame_0076.jpg,30.4,0.6828,0.6226,0.625,0.92,8,5,False,False
24,frame_0388.jpg,155.2,0.6796,0.7702,0.875,0.16,14,7,False,False
25,frame_0328.jpg,131.2,0.6792,0.8014,0.875,0.08,11,7,False,False
26,frame_0175.jpg,70.0,0.678,0.7939,0.75,0.28,9,6,False,False
27,frame_0389.jpg,155.6,0.6764,0.7799,0.875,0.12,12,7,False,False
28,frame_0288.jpg,115.2,0.6737,0.7594,0.5,0.72,9,4,False,False
29,frame_0004.jpg,1.6,0.6708,0.6417,0.5,1.0,7,4,False,False
30,frame_0007.jpg,2.8,0.6705,0.791,0.25,1.0,5,2,False,False
31,frame_0080.jpg,32.0,0.6691,0.6592,0.625,0.76,7,5,False,False
32,frame_0078.jpg,31.2,0.6668,0.6226,0.625,0.84,8,5,False,False
33,frame_0231.jpg,92.4,0.6657,0.8173,0.75,0.16,8,6,False,False
34,frame_0390.jpg,156.0,0.6651,0.7732,0.875,0.08,14,7,False,False
35,frame_0278.jpg,111.2,0.6642,0.8254,0.625,0.32,7,5,False,False
36,frame_0333.jpg,133.2,0.662,0.842,0.75,0.08,11,6,False,False
37,frame_0292.jpg,116.8,0.656,0.6919,0.5,0.8,8,4,False,False
38,frame_0117.jpg,46.8,0.6545,0.699,0.75,0.4,11,6,False,False
39,frame_0283.jpg,113.2,0.6539,0.7248,0.625,0.52,6,5,False,False
40,frame_0079.jpg,31.6,0.6513,0.6827,0.5,0.8,9,4,False,False
41,frame_0179.jpg,71.6,0.6512,0.6543,1.0,0.12,10,8,False,False
42,frame_0367.jpg,146.8,0.6501,0.8182,0.75,0.08,8,6,False,False
43,frame_0012.jpg,4.8,0.6469,0.5939,0.5,1.0,4,4,False,False
44,frame_0177.jpg,70.8,0.6457,0.6863,0.875,0.2,9,7,False,False
45,frame_0225.jpg,90.0,0.645,0.7329,0.875,0.08,8,7,False,False
46,frame_0109.jpg,43.6,0.6442,0.7314,0.875,0.08,11,7,False,False
47,frame_0368.jpg,147.2,0.6404,0.8149,0.75,0.04,10,6,False,False
48,frame_0396.jpg,158.4,0.6403,0.7666,0.75,0.16,12,6,False,False
49,frame_0276.jpg,110.4,0.6398,0.8085,0.625,0.24,9,5,False,False
50,frame_0128.jpg,51.2,0.6331,0.6301,0.5,0.84,8,4,False,False
51,frame_0316.jpg,126.4,0.6323,0.8256,0.625,0.16,10,5,False,False
52,frame_0071.jpg,28.4,0.6321,0.6392,0.375,1.0,7,3,False,False
53,frame_0315.jpg,126.0,0.6296,0.7612,0.75,0.12,9,6,False,False
54,frame_0014.jpg,5.6,0.6245,0.624,0.375,1.0,4,3,False,False
55,frame_0029.jpg,11.6,0.6234,0.5468,0.5,1.0,8,4,False,False
56,frame_0176.jpg,70.4,0.6216,0.8472,0.5,0.24,10,4,False,False
57,frame_0207.jpg,82.8,0.6195,0.619,0.5,0.8,4,4,False,False
58,frame_0277.jpg,110.8,0.6165,0.7459,0.625,0.28,7,5,False,False
59,frame_0114.jpg,45.6,0.6154,0.7438,0.625,0.28,6,5,False,False
60,frame_0397.jpg,158.8,0.6154,0.8508,0.5,0.2,11,4,False,False
61,frame_0291.jpg,116.4,0.6151,0.6692,0.375,0.84,10,3,False,False
62,frame_0286.jpg,114.4,0.6133,0.6707,0.5,0.64,8,4,False,False
63,frame_0095.jpg,38.0,0.6132,0.7873,0.625,0.16,9,5,False,False
64,frame_0122.jpg,48.8,0.6111,0.7572,0.375,0.6,5,3,False,False
65,frame_0072.jpg,28.8,0.611,0.6719,0.25,1.0,8,2,False,False
66,frame_0229.jpg,91.6,0.6109,0.6648,0.875,0.08,10,7,False,False
67,frame_0168.jpg,67.2,0.6107,0.6974,0.5,0.56,7,4,False,False
68,frame_0096.jpg,38.4,0.6093,0.7956,0.625,0.12,8,5,False,False
69,frame_0124.jpg,49.6,0.6054,0.6387,0.5,0.68,9,4,False,False
70,frame_0068.jpg,27.2,0.605,0.435,0.625,1.0,9,5,False,False
71,frame_0301.jpg,120.4,0.605,0.6591,0.625,0.44,10,5,False,False
72,frame_0303.jpg,121.2,0.6006,0.7572,0.5,0.36,8,4,False,False
73,frame_0108.jpg,43.2,0.5986,0.6562,0.875,0.04,11,7,False,False
74,frame_0105.jpg,42.0,0.5979,0.7888,0.625,0.08,9,5,False,False
75,frame_0329.jpg,131.6,0.597,0.712,0.75,0.08,13,6,False,False
76,frame_0130.jpg,52.0,0.5958,0.5987,0.375,0.92,6,3,False,False
77,frame_0314.jpg,125.6,0.5951,0.7831,0.625,0.08,9,5,False,False
78,frame_0082.jpg,32.8,0.595,0.5429,0.625,0.68,6,5,False,False
79,frame_0113.jpg,45.2,0.5942,0.7174,0.625,0.24,8,5,False,False
80,frame_0069.jpg,27.6,0.5938,0.6376,0.25,1.0,5,2,False,False
81,frame_0293.jpg,117.2,0.5935,0.6579,0.375,0.76,6,3,False,False
82,frame_0027.jpg,10.8,0.5927,0.5603,0.375,1.0,7,3,False,False
83,frame_0118.jpg,47.2,0.5925,0.6339,0.625,0.44,8,5,False,False
84,frame_0129.jpg,51.6,0.5893,0.6015,0.375,0.88,8,3,False,False
85,frame_0323.jpg,129.2,0.5883,0.6035,0.875,0.12,9,7,False,False
86,frame_0013.jpg,5.2,0.5867,0.5484,0.375,1.0,4,3,False,False
87,frame_0378.jpg,151.2,0.5863,0.7656,0.625,0.08,11,5,False,False
88,frame_0123.jpg,49.2,0.584,0.612,0.5,0.64,7,4,False,False
89,frame_0298.jpg,119.2,0.5837,0.6434,0.5,0.56,8,4,False,False
90,frame_0116.jpg,46.4,0.5831,0.6472,0.625,0.36,9,5,False,False
91,frame_0100.jpg,40.0,0.5829,0.6999,0.75,0.04,8,6,False,False
92,frame_0307.jpg,122.8,0.5829,0.7858,0.5,0.2,12,4,False,False
93,frame_0089.jpg,35.6,0.578,0.7711,0.375,0.4,6,3,False,False
94,frame_0006.jpg,2.4,0.5774,0.5298,0.375,1.0,5,3,False,False
95,frame_0285.jpg,114.0,0.5772,0.6894,0.375,0.6,6,3,False,False
96,frame_0119.jpg,47.6,0.5759,0.5848,0.625,0.48,9,5,False,False
97,frame_0120.jpg,48.0,0.5758,0.7187,0.375,0.52,6,3,False,False
98,frame_0375.jpg,150.0,0.5754,0.7707,0.5,0.2,8,4,False,False
99,frame_0321.jpg,128.4,0.5743,0.9186,0.25,0.2,9,2,False,False
100,frame_0170.jpg,68.0,0.574,0.656,0.5,0.48,7,4,False,False
101,frame_0008.jpg,3.2,0.5719,0.5189,0.375,1.0,4,3,False,False
102,frame_0297.jpg,118.8,0.5719,0.6789,0.375,0.6,6,3,False,False
103,frame_0125.jpg,50.0,0.5715,0.63,0.375,0.72,8,3,False,False
104,frame_0379.jpg,151.6,0.5712,0.7514,0.625,0.04,10,5,False,False
105,frame_0009.jpg,3.6,0.5711,0.5921,0.25,1.0,3,2,False,False
106,frame_0302.jpg,120.8,0.5708,0.6816,0.5,0.4,7,4,False,False
107,frame_0268.jpg,107.2,0.5694,0.7317,0.625,0.08,7,5,False,False
108,frame_0318.jpg,127.2,0.5682,0.8153,0.375,0.24,8,3,False,False
109,frame_0131.jpg,52.4,0.568,0.527,0.375,0.96,6,3,False,False
110,frame_0309.jpg,123.6,0.566,0.634,0.75,0.12,7,6,False,False
111,frame_0028.jpg,11.2,0.5642,0.5034,0.375,1.0,5,3,False,False
112,frame_0386.jpg,154.4,0.564,0.6569,0.625,0.24,12,5,False,False
113,frame_0398.jpg,159.2,0.564,0.732,0.5,0.24,11,4,False,False
114,frame_0193.jpg,77.2,0.563,0.655,0.625,0.24,7,5,False,False
115,frame_0085.jpg,34.0,0.5628,0.5266,0.625,0.56,6,5,False,False
116,frame_0203.jpg,81.2,0.5625,0.644,0.375,0.64,4,3,False,False
117,frame_0178.jpg,71.2,0.5613,0.7586,0.5,0.16,7,4,False,False
118,frame_0184.jpg,73.6,0.5608,0.7897,0.5,0.08,9,4,False,False
119,frame_0086.jpg,34.4,0.5604,0.6878,0.375,0.52,6,3,False,False
120,frame_0169.jpg,67.6,0.5571,0.6812,0.375,0.52,9,3,False,False
121,frame_0070.jpg,28.0,0.5551,0.5601,0.25,1.0,8,2,False,False
122,frame_0232.jpg,92.8,0.5542,0.6533,0.625,0.2,6,5,False,False
123,frame_0015.jpg,6.0,0.5539,0.4829,0.375,1.0,5,3,False,False
124,frame_0395.jpg,158.0,0.5534,0.8337,0.375,0.12,10,3,False,False
125,frame_0186.jpg,74.4,0.552,0.6381,0.75,0.04,10,6,False,False
126,frame_0381.jpg,152.4,0.5486,0.5562,0.875,0.04,10,7,False,False
127,frame_0233.jpg,93.2,0.5399,0.6838,0.5,0.24,9,4,False,False
128,frame_0024.jpg,9.6,0.5387,0.4523,0.375,1.0,5,3,False,False
129,frame_0094.jpg,37.6,0.5383,0.6967,0.5,0.2,10,4,False,False
130,frame_0202.jpg,80.8,0.538,0.6111,0.375,0.6,4,3,False,False
131,frame_0185.jpg,74.0,0.5371,0.6671,0.625,0.08,10,5,False,False
132,frame_0228.jpg,91.2,0.5363,0.6815,0.625,0.04,10,5,False,False
133,frame_0132.jpg,52.8,0.5342,0.4434,0.375,1.0,9,3,False,False
134,frame_0083.jpg,33.2,0.5339,0.5118,0.5,0.64,5,4,False,False
135,frame_0382.jpg,152.8,0.5315,0.581,0.75,0.08,10,6,False,False
136,frame_0290.jpg,116.0,0.5298,0.5146,0.375,0.8,6,3,False,False
137,frame_0188.jpg,75.2,0.5292,0.6673,0.625,0.04,8,5,False,False
138,frame_0299.jpg,119.6,0.5292,0.6253,0.375,0.52,8,3,False,False
139,frame_0022.jpg,8.8,0.5285,0.432,0.375,1.0,7,3,False,False
140,frame_0189.jpg,75.6,0.5266,0.6461,0.625,0.08,5,5,False,False
141,frame_0289.jpg,115.6,0.5222,0.5904,0.25,0.76,7,2,False,False
142,frame_0308.jpg,123.2,0.521,0.6029,0.625,0.16,10,5,False,False
143,frame_0090.jpg,36.0,0.5206,0.5972,0.5,0.36,8,4,False,False
144,frame_0376.jpg,150.4,0.5161,0.8183,0.25,0.16,10,2,False,False
145,frame_0093.jpg,37.2,0.514,0.6319,0.5,0.24,7,4,False,False
146,frame_0304.jpg,121.6,0.5132,0.5234,0.625,0.32,7,5,False,False
147,frame_0172.jpg,68.8,0.5115,0.5631,0.5,0.4,6,4,False,False
148,frame_0103.jpg,41.2,0.5109,0.5828,0.625,0.16,6,5,False,False
149,frame_0324.jpg,129.6,0.5108,0.6146,0.625,0.08,8,5,False,False
150,frame_0373.jpg,149.2,0.5103,0.6567,0.5,0.16,8,4,False,False
151,frame_0325.jpg,130.0,0.5085,0.776,0.375,0.04,8,3,False,False
152,frame_0011.jpg,4.4,0.5083,0.5417,0.125,1.0,4,1,False,False
153,frame_0081.jpg,32.4,0.5082,0.5785,0.25,0.72,8,2,False,False
154,frame_0374.jpg,149.6,0.5082,0.6365,0.5,0.2,10,4,False,False
155,frame_0115.jpg,46.0,0.5071,0.7361,0.25,0.32,6,2,False,False
156,frame_0017.jpg,6.8,0.5063,0.3876,0.375,1.0,7,3,False,False
157,frame_0167.jpg,66.8,0.5063,0.6225,0.25,0.6,6,2,False,False
158,frame_0306.jpg,122.4,0.5058,0.6906,0.375,0.24,6,3,False,False
159,frame_0279.jpg,111.6,0.5054,0.5668,0.5,0.36,6,4,False,False
160,frame_0206.jpg,82.4,0.5027,0.4763,0.375,0.76,6,3,False,False
161,frame_0005.jpg,2.0,0.5018,0.4536,0.25,1.0,8,2,False,False
162,frame_0305.jpg,122.0,0.4995,0.6621,0.375,0.28,5,3,False,False
163,frame_0026.jpg,10.4,0.4983,0.3716,0.375,1.0,5,3,False,False
164,frame_0092.jpg,36.8,0.4979,0.5839,0.5,0.28,6,4,False,False
165,frame_0319.jpg,127.6,0.4969,0.6568,0.375,0.28,10,3,False,False
166,frame_0394.jpg,157.6,0.4963,0.6607,0.5,0.08,9,4,False,False
167,frame_0370.jpg,148.0,0.4929,0.5948,0.625,0.04,10,5,False,False
168,frame_0284.jpg,113.6,0.4923,0.6856,0.125,0.56,6,1,False,False
169,frame_0387.jpg,154.8,0.4908,0.6765,0.375,0.2,12,3,False,False
170,frame_0327.jpg,130.8,0.4878,0.7345,0.375,0.04,15,3,False,False
171,frame_0294.jpg,117.6,0.4868,0.5355,0.25,0.72,5,2,False,False
172,frame_0023.jpg,9.2,0.4854,0.3458,0.375,1.0,5,3,False,False
173,frame_0230.jpg,92.0,0.4834,0.6187,0.5,0.12,11,4,False,False
174,frame_0300.jpg,120.0,0.4828,0.6235,0.25,0.48,6,2,False,False
175,frame_0098.jpg,39.2,0.4824,0.5739,0.625,0.04,7,5,False,False
176,frame_0171.jpg,68.4,0.4811,0.4862,0.5,0.44,6,4,False,False
177,frame_0267.jpg,106.8,0.4803,0.6126,0.5,0.12,6,4,False,False
178,frame_0088.jpg,35.2,0.4792,0.4824,0.5,0.44,9,4,False,False
179,frame_0393.jpg,157.2,0.4782,0.6404,0.5,0.04,6,4,False,False
180,frame_0383.jpg,153.2,0.4764,0.6048,0.5,0.12,6,4,False,False
181,frame_0010.jpg,4.0,0.4756,0.4761,0.125,1.0,4,1,False,False
182,frame_0208.jpg,83.2,0.4714,0.4137,0.375,0.76,6,3,False,False
183,frame_0020.jpg,8.0,0.4695,0.3889,0.25,1.0,5,2,False,False
184,frame_0223.jpg,89.2,0.4693,0.5745,0.5,0.16,9,4,False,False
185,frame_0200.jpg,80.0,0.469,0.5801,0.25,0.52,3,2,False,False
186,frame_0330.jpg,132.0,0.4684,0.6958,0.375,0.04,11,3,False,False
187,frame_0180.jpg,72.0,0.4665,0.4509,0.75,0.08,8,6,False,False
188,frame_0399.jpg,159.6,0.4663,0.5956,0.375,0.28,9,3,False,False
189,frame_0112.jpg,44.8,0.4657,0.6263,0.375,0.2,5,3,False,False
190,frame_0320.jpg,128.0,0.4657,0.6104,0.375,0.24,7,3,False,False
191,frame_0106.jpg,42.4,0.4639,0.6868,0.375,0.04,8,3,False,False
192,frame_0084.jpg,33.6,0.4629,0.5358,0.25,0.6,4,2,False,False
193,frame_0121.jpg,48.4,0.4627,0.4764,0.375,0.56,5,3,False,False
194,frame_0281.jpg,112.4,0.4625,0.524,0.375,0.44,6,3,False,False
195,frame_0280.jpg,112.0,0.4593,0.6086,0.25,0.4,6,2,False,False
196,frame_0215.jpg,86.0,0.4558,0.4197,0.5,0.48,5,4,False,False
197,frame_0384.jpg,153.6,0.4553,0.6216,0.375,0.16,7,3,False,False
198,frame_0097.jpg,38.8,0.4524,0.6477,0.375,0.08,8,3,False,False
199,frame_0210.jpg,84.0,0.452,0.407,0.375,0.68,5,3,False,False
200,frame_0273.jpg,109.2,0.4499,0.5518,0.5,0.12,8,4,False,False
201,frame_0025.jpg,10.0,0.4489,0.4227,0.125,1.0,6,1,False,False
202,frame_0371.jpg,148.4,0.4478,0.5637,0.5,0.08,8,4,False,False
203,frame_0282.jpg,112.8,0.4462,0.4754,0.375,0.48,6,3,False,False
204,frame_0091.jpg,36.4,0.4439,0.5348,0.375,0.32,7,3,False,False
205,frame_0274.jpg,109.6,0.4413,0.5935,0.375,0.16,7,3,False,False
206,frame_0209.jpg,83.6,0.441,0.594,0.0,0.72,3,0,False,False
207,frame_0222.jpg,88.8,0.441,0.5771,0.375,0.2,6,3,False,False
208,frame_0205.jpg,82.0,0.4388,0.4396,0.25,0.72,5,2,False,False
209,frame_0101.jpg,40.4,0.4351,0.5381,0.5,0.08,6,4,False,False
210,frame_0201.jpg,80.4,0.4284,0.4827,0.25,0.56,3,2,False,False
211,frame_0192.jpg,76.8,0.4277,0.6255,0.25,0.2,4,2,False,False
212,frame_0204.jpg,81.6,0.4243,0.4265,0.25,0.68,5,2,False,False
213,frame_0211.jpg,84.4,0.4219,0.4378,0.25,0.64,4,2,False,False
214,frame_0018.jpg,7.2,0.4187,0.3624,0.125,1.0,6,1,False,False
215,frame_0295.jpg,118.0,0.4187,0.4154,0.25,0.68,6,2,False,False
216,frame_0173.jpg,69.2,0.4182,0.6174,0.125,0.36,6,1,False,False
217,frame_0322.jpg,128.8,0.4175,0.6211,0.25,0.16,8,2,False,False
218,frame_0216.jpg,86.4,0.4169,0.5828,0.125,0.44,5,1,False,False
219,frame_0183.jpg,73.2,0.4167,0.6673,0.25,0.04,5,2,False,False
220,frame_0213.jpg,85.2,0.4089,0.4437,0.25,0.56,4,2,False,False
221,frame_0221.jpg,88.4,0.4088,0.4966,0.375,0.24,8,3,False,False
222,frame_0372.jpg,148.8,0.4042,0.4604,0.5,0.12,10,4,False,False
223,frame_0385.jpg,154.0,0.4024,0.5749,0.25,0.2,11,2,False,False
224,frame_0174.jpg,69.6,0.4008,0.5987,0.125,0.32,6,1,False,False
225,frame_0212.jpg,84.8,0.3998,0.4096,0.25,0.6,6,2,False,False
226,frame_0181.jpg,72.4,0.3989,0.5569,0.375,0.04,6,3,False,False
227,frame_0219.jpg,87.6,0.3982,0.4433,0.375,0.32,5,3,False,False
228,frame_0019.jpg,7.6,0.3842,0.2935,0.125,1.0,4,1,False,False
229,frame_0391.jpg,156.4,0.3833,0.4506,0.5,0.04,10,4,False,False
230,frame_0218.jpg,87.2,0.3831,0.4722,0.25,0.36,6,2,False,False
231,frame_0269.jpg,107.6,0.3785,0.591,0.25,0.04,8,2,False,False
232,frame_0104.jpg,41.6,0.3753,0.4776,0.375,0.12,7,3,False,False
233,frame_0296.jpg,118.4,0.3744,0.4177,0.125,0.64,6,1,False,False
234,frame_0310.jpg,124.0,0.371,0.4851,0.375,0.08,6,3,False,False
235,frame_0199.jpg,79.6,0.37,0.398,0.25,0.48,3,2,False,False
236,frame_0214.jpg,85.6,0.3669,0.3758,0.25,0.52,5,2,False,False
237,frame_0102.jpg,40.8,0.3637,0.4544,0.375,0.12,5,3,False,False
238,frame_0275.jpg,110.0,0.3628,0.5705,0.125,0.2,6,1,False,False
239,frame_0224.jpg,89.6,0.3574,0.5168,0.25,0.12,6,2,False,False
240,frame_0197.jpg,78.8,0.3531,0.4712,0.125,0.4,2,1,False,False
241,frame_0195.jpg,78.0,0.3493,0.3457,0.375,0.32,4,3,False,False
242,frame_0220.jpg,88.0,0.3463,0.4307,0.25,0.28,6,2,False,False
243,frame_0110.jpg,44.0,0.3399,0.4069,0.375,0.12,7,3,False,False
244,frame_0191.jpg,76.4,0.337,0.385,0.375,0.16,9,3,False,False
245,frame_0198.jpg,79.2,0.3234,0.3957,0.125,0.44,3,1,False,False
246,frame_0087.jpg,34.8,0.3129,0.4338,0.0,0.48,6,0,False,False
247,frame_0111.jpg,44.4,0.3105,0.4821,0.125,0.16,6,1,False,False
248,frame_0194.jpg,77.6,0.292,0.322,0.25,0.28,6,2,False,False
249,frame_0272.jpg,108.8,0.2894,0.4719,0.125,0.08,9,1,False,False
250,frame_0217.jpg,86.8,0.2886,0.3421,0.125,0.4,6,1,False,False
251,frame_0196.jpg,78.4,0.2662,0.3885,0.0,0.36,3,0,False,False
252,frame_0271.jpg,108.4,0.2648,0.4387,0.125,0.04,6,1,False,False
253,frame_0226.jpg,90.4,0.2431,0.4702,0.0,0.04,5,0,False,False
254,frame_0190.jpg,76.0,0.2403,0.2826,0.25,0.12,6,2,False,False
255,frame_0311.jpg,124.4,0.2271,0.3632,0.125,0.04,5,1,False,False
256,frame_0313.jpg,125.2,0.2195,0.348,0.125,0.04,6,1,False,False
